-- MySQL dump 10.13  Distrib 5.7.9, for osx10.9 (x86_64)
--
-- Host: 127.0.0.1    Database: cm
-- ------------------------------------------------------
-- Server version	5.7.11

/*!40101 SET @OLD_CHARACTER_SET_CLIENT=@@CHARACTER_SET_CLIENT */;
/*!40101 SET @OLD_CHARACTER_SET_RESULTS=@@CHARACTER_SET_RESULTS */;
/*!40101 SET @OLD_COLLATION_CONNECTION=@@COLLATION_CONNECTION */;
/*!40101 SET NAMES utf8 */;
/*!40103 SET @OLD_TIME_ZONE=@@TIME_ZONE */;
/*!40103 SET TIME_ZONE='+00:00' */;
/*!40014 SET @OLD_UNIQUE_CHECKS=@@UNIQUE_CHECKS, UNIQUE_CHECKS=0 */;
/*!40014 SET @OLD_FOREIGN_KEY_CHECKS=@@FOREIGN_KEY_CHECKS, FOREIGN_KEY_CHECKS=0 */;
/*!40101 SET @OLD_SQL_MODE=@@SQL_MODE, SQL_MODE='NO_AUTO_VALUE_ON_ZERO' */;
/*!40111 SET @OLD_SQL_NOTES=@@SQL_NOTES, SQL_NOTES=0 */;

--
-- Table structure for table `company`
--

DROP TABLE IF EXISTS `company`;
/*!40101 SET @saved_cs_client     = @@character_set_client */;
/*!40101 SET character_set_client = utf8 */;
CREATE TABLE `company` (
  `company_id` int(11) NOT NULL AUTO_INCREMENT,
  `account` varchar(255) NOT NULL,
  `password` varchar(255) NOT NULL,
  `city` varchar(255) NOT NULL,
  `area` varchar(255) DEFAULT NULL,
  `code` varchar(255) DEFAULT NULL,
  `name` varchar(255) DEFAULT NULL,
  `type` varchar(255) DEFAULT NULL,
  `industry` varchar(255) DEFAULT NULL,
  `business` varchar(255) DEFAULT NULL,
  `contact` varchar(255) DEFAULT NULL,
  `address` varchar(255) DEFAULT NULL,
  `post` varchar(255) DEFAULT NULL,
  `tel` varchar(255) DEFAULT NULL,
  `fax` varchar(255) DEFAULT NULL,
  `email` varchar(255) DEFAULT NULL,
  `check` varchar(255) NOT NULL DEFAULT 'false',
  PRIMARY KEY (`company_id`)
) ENGINE=InnoDB AUTO_INCREMENT=54 DEFAULT CHARSET=utf8;
/*!40101 SET character_set_client = @saved_cs_client */;

--
-- Dumping data for table `company`
--

LOCK TABLES `company` WRITE;
/*!40000 ALTER TABLE `company` DISABLE KEYS */;
INSERT INTO `company` VALUES (1,'11201','123','0531','济南','c1','阿里巴巴','上市','互联网','网购','马云','山东省济南市中心路1号','100000','13269175020','0102834561','577528241@qq.com','true'),(2,'11202','456','0532','青岛','c2','美团','上市','互联网','外卖','刘云','山东省青岛市中心路1号','100000','13269175021','0102834560','577528242@qq.com','true'),(3,'11203','789','0533','淄博','c3','腾讯','上市','互联网','社交','马化腾','山东省淄博市中心路1号','100000','13269175023','0102834562','577528243@qq.com','false'),(4,'11204','321','0534','德州','c4','锤子科技','上市','互联网','手机','罗永浩','山东省德州市中心路1号','100000','13269175024','0102834563','577528244@qq.com','false'),(5,'11205','654','0535','烟台','c5','小米','私有','互联网','手机','雷军','山东省烟台市中心路1号','100000','13269175025','0102834564','577528245@qq.com','true'),(6,'11206','987','0536','潍坊','c6','魅族','上市','互联网','手机','黄章','山东省潍坊市中心路1号','100000','13269175026','0102834565','577528246@qq.com','true'),(7,'11207','qwe','0537','济宁','c7','盛大','上市','互联网','游戏','陈天桥','山东省济宁市中心路1号','100000','13269175027','0102834567','577528247@qq.com','false'),(8,'11208','rty','0538','泰安','c8','网易','上市','互联网','游戏','黄磊','山东省泰安市中心路1号','100000','13269175028','0102834568','577528248@qq.com','false'),(9,'11209','asd','0539','临沂','c9','万达','上市','房地产','房地产','王健林','山东省临沂市中心路1号','100000','13269175029','0102834569','577528249@qq.com','true'),(10,'11210','zxc','0535','烟台','c10','恒大地产','私有','房地产','房地产','张春','山东省烟台市中心路2号','100000','13269175030','0102834570','577528250@qq.com','true'),(11,'11211','zxc','0538','泰安','c11','万科','上市','房地产','房地产','陈晨','山东省泰安市中心路2号','100000','13269175031','0102834571','577528251@qq.com','false'),(12,'11212','zxc','0539','临沂','c12','恒大地产','私有','房地产','房地产','郑阳春','山东省临沂市中心路2号','100000','13269175032','0102834572','577528252@qq.com','true'),(13,'11213','zxc','0535','烟台','c13','平安保险','私有','保险','保险','曹艳辉','山东省烟台市中心路3号','100000','13269175033','0102834573','577528253@qq.com','true'),(14,'11214','qwe','0538','泰安','c14','人寿保险','上市','保险','保险','张平','山东省泰安市中心路3号','100000','13269175034','0102834574','577528254@qq.com','false'),(15,'11215','zxc','0539','临沂','c15','美图','私有','互联网','房地产','王平','山东省临沂市中心路3号','100000','13269175035','0102834575','577528255@qq.com','false'),(16,'11216','qwe','0536','潍坊','c16','软通动力','上市','互联网','外包','李平','山东省潍坊市中心路2号','100000','13269175036','0102834576','577528256@qq.com','true'),(17,'11217','zxc','0536','潍坊','c17','华为','上市','硬件','手机','杨平','山东省潍坊市中心路3号','100000','13269175037','0102834577','577528257@qq.com','false'),(18,'11218','654','0539','临沂','c18','一加科技','私有','硬件','手机','吴萍','山东省临沂市中心路4号','100000','13269175038','0102834578','577528258@qq.com','false'),(19,'11219','654','0538','泰安','c19','人人科技','上市','互联网','互联网','罗平','山东省泰安市中心路4号','100000','13269175039','0102834579','577528259@qq.com','true'),(20,'11220','654','0539','临沂','c20','知乎','私有','互联网','互联网','张自忠','山东省临沂市中心路5号','100000','13269175040','0102834580','577528260@qq.com','false'),(21,'11221','123','0531','济南','c21','航天科技','国企','军工','军工','杨利伟','山东省济南市中心路2号','100000','13269175041','0102834581','577528261@qq.com','true'),(22,'11222','123','0531','济南','c22','金发科技','上市','化工','化工','董志铭','山东省济南市中心路3号','100000','13269175042','0102834582','577528262@qq.com','false'),(23,'11223','123','0531','济南','c23','周大福','上市','首饰加工','首饰加工','周大福','山东省济南市中心路4号','100000','13269175043','0102834583','577528263@qq.com','true'),(24,'11224','123','0531','济南','c24','贵妇人','上市','服饰','服饰','董飞','山东省济南市中心路5号','100000','13269175044','0102834584','577528264@qq.com','true'),(25,'11225','456','0532','青岛','c25','青岛啤酒','上市','酒','酒','张飞','山东省青岛市中心路2号','100000','13269175045','0102834585','577528265@qq.com','true'),(26,'11226','456','0532','青岛','c26','周大生','私企','首饰加工','首饰加工','周大生','山东省青岛市中心路3号','100000','13269175046','0102834586','577528266@qq.com','true'),(27,'11227','456','0532','青岛','c27','燕京啤酒','国企','酒','酒','李飞','山东省青岛市中心路4号','100000','13269175047','0102834587','577528267@qq.com','false'),(28,'11228','456','0532','青岛','c28','百度外卖','上市','互联网','外卖','李小宏','山东省青岛市中心路5号','100000','13269175048','0102834588','577528268@qq.com','true'),(29,'11229','789','0533','淄博','c29','淄博实业','上市','实体业','实体业','李糖','山东省淄博市中心路2号','100000','13269175049','0102834589','577528269@qq.com','false'),(30,'11230','789','0533','淄博','c30','淄博家装','上市','家装','家装','李晓棠','山东省淄博市中心路3号','100000','13269175050','0102834590','577528270@qq.com','true'),(31,'11231','789','0533','淄博','c31','淄博搬家','上市','搬家','搬家','李大堂','山东省淄博市中心路4号','100000','13269175051','0102834591','577528271@qq.com','false'),(32,'11232','321','0534','德州','c32','剪刀科技','上市','互联网','手机','罗玉龙','山东省德州市中心路2号','100000','13269175052','0102834592','577528272@qq.com','false'),(33,'11233','321','0534','德州','c33','布布科技','上市','互联网','手机','罗小龙','山东省德州市中心路3号','100000','13269175053','0102834593','577528273@qq.com','true'),(34,'11234','321','0534','德州','c34','天天科技','上市','互联网','手机','杨博文','山东省德州市中心路4号','100000','13269175054','0102834594','577528274@qq.com','false'),(35,'11235','qwe','0537','济宁','c35','触点科技','上市','互联网','游戏','成大桥','山东省济宁市中心路2号','100000','13269175055','0102834595','577528275@qq.com','false'),(36,'11236','qwe','0537','济宁','c36','腾讯游戏','上市','互联网','游戏','程迪桥','山东省济宁市中心路3号','100000','13269175056','0102834596','577528276@qq.com','false'),(37,'11237','qwe','0537','济宁','c37','部落战争','上市','互联网','游戏','程丽桥','山东省济宁市中心路4号','100000','13269175057','0102834597','577528277@qq.com','true'),(38,'11238','123','0530','菏泽','c38','美美首饰','上市','首饰加工','首饰加工','张敏','山东省菏泽市中心路1号','100000','13269175058','0102834598','577528278@qq.com','true'),(39,'11239','123','0530','菏泽','c39','美天首饰','上市','首饰加工','首饰加工','黎明','山东省菏泽市中心路2号','100000','13269175059','0102834599','577528279@qq.com','false'),(40,'11240','123','0530','菏泽','c40','天美首饰','上市','首饰加工','首饰加工','李明','山东省菏泽市中心路3号','100000','13269175060','0102834600','577528280@qq.com','true'),(41,'11241','123','0543','滨州','c41','天天医疗','上市','互联网','互联网','李天明','山东省滨州市中心路1号','100000','13269175061','0102834601','577528281@qq.com','true'),(42,'11242','123','0543','滨州','c42','杏仁医生','上市','互联网','互联网','张天明','山东省滨州市中心路2号','100000','13269175062','0102834602','577528282@qq.com','false'),(43,'11243','123','0543','滨州','c43','360医生','上市','互联网','互联网','杨天明','山东省滨州市中心路3号','100000','13269175063','0102834603','577528283@qq.com','true'),(44,'11244','123','0546','东营','c44','东厂科技','上市','互联网','互联网','杨阳洋','山东省东营市中心路1号','100000','13269175064','0102834604','577528284@qq.com','true'),(45,'11245','123','0546','东营','c45','东长科技','上市','互联网','互联网','孙明','山东省东营市中心路2号','100000','13269175065','0102834605','577528285@qq.com','true'),(46,'11246','123','0546','东营','c46','东城科技','上市','互联网','互联网','孙大明','山东省东营市中心路3号','100000','13269175066','0102834606','577528286@qq.com','false'),(47,'11247','123','0631','威海','c47','威海科技','上市','互联网','互联网','孙明明','山东省威海市中心路1号','100000','13269175067','0102834607','577528285@qq.com','true'),(48,'11248','123','0631','威海','c48','大华科技','上市','互联网','互联网','孙仲谋','山东省威海市中心路2号','100000','13269175068','0102834608','577528286@qq.com','true'),(49,'11249','123','0631','威海','c49','卫海科技','上市','互联网','互联网','孙尖','山东省威海市中心路3号','100000','13269175069','0102834609','577528287@qq.com','true'),(50,'11250','123','0632','枣庄','c50','枣庄科技','上市','互联网','互联网','刘红','山东省枣庄市中心路3号','100000','13269175070','0102834610','577528288@qq.com','true'),(51,'11251','123','0633','日照','c51','日照科技','上市','互联网','互联网','李红','山东省日照市中心路3号','100000','13269175071','0102834611','577528289@qq.com','true'),(52,'11252','123','0634','莱芜','c52','来往科技','上市','互联网','互联网','张红','山东省莱芜市中心路3号','100000','13269175072','0102834612','577528290@qq.com','false'),(53,'11253','123','0635','聊城','c53','聊城科技','上市','互联网','互联网','张翰','山东省聊城市中心路3号','100000','13269175073','0102834613','577528291@qq.com','true');
/*!40000 ALTER TABLE `company` ENABLE KEYS */;
UNLOCK TABLES;

--
-- Table structure for table `data`
--

DROP TABLE IF EXISTS `data`;
/*!40101 SET @saved_cs_client     = @@character_set_client */;
/*!40101 SET character_set_client = utf8 */;
CREATE TABLE `data` (
  `data_id` int(11) NOT NULL AUTO_INCREMENT,
  `time` timestamp NOT NULL DEFAULT CURRENT_TIMESTAMP,
  `status` varchar(255) NOT NULL DEFAULT '已上报',
  `company_id` int(11) NOT NULL,
  `employment_last` int(11) NOT NULL,
  `employment_now` int(11) NOT NULL,
  `reason` varchar(255) NOT NULL,
  `type` varchar(255) DEFAULT NULL,
  `first_reason` varchar(255) DEFAULT NULL,
  `first_explain` varchar(255) DEFAULT NULL,
  `second_reason` varchar(255) DEFAULT NULL,
  `second_explain` varchar(255) DEFAULT NULL,
  `third_reason` varchar(255) DEFAULT NULL,
  `third_explain` varchar(255) DEFAULT NULL,
  `schedule_id` int(11) NOT NULL,
  PRIMARY KEY (`data_id`),
  KEY `company_id` (`company_id`),
  KEY `data_ibfk_2_idx` (`schedule_id`),
  CONSTRAINT `data_ibfk_1` FOREIGN KEY (`company_id`) REFERENCES `company` (`company_id`) ON DELETE CASCADE ON UPDATE CASCADE,
  CONSTRAINT `data_ibfk_2` FOREIGN KEY (`schedule_id`) REFERENCES `schedule` (`schedule_id`) ON DELETE NO ACTION ON UPDATE NO ACTION
) ENGINE=InnoDB AUTO_INCREMENT=54 DEFAULT CHARSET=utf8;
/*!40101 SET character_set_client = @saved_cs_client */;

--
-- Dumping data for table `data`
--

LOCK TABLES `data` WRITE;
/*!40000 ALTER TABLE `data` DISABLE KEYS */;
INSERT INTO `data` VALUES (1,'2015-02-11 01:23:45','已上报',1,100,20,'老板跑路','裁员','公司转型失败','公司转型失败，资金周转困难','投资人撤资','投资人撤离资金','公司管理混乱','中层人员与竞争公司勾结',15),(2,'2015-03-11 01:23:45','未通过',2,200,50,'工资低','降薪','投资人撤资','投资人撤离资金','公司管理混乱','中层人员与竞争公司勾结','公司转型失败','公司转型失败，资金周转困难',2),(3,'2015-04-11 01:23:45','通过',3,300,60,'工资低','裁员','公司管理混乱','中层人员与竞争公司勾结','投资人撤离资金','投资人撤资','公司转型失败','公司转型失败，资金周转困难',3),(4,'2015-05-11 01:23:45','已上报',4,150,80,'环境差','降薪','投资人撤资','投资人撤离资金','公司管理混乱','中层人员与竞争公司勾结','公司转型失败','公司转型失败，资金周转困难',4),(5,'2015-06-11 01:23:45','通过',5,200,110,'工资低','裁员','公司管理混乱','中层人员与竞争公司勾结','投资人撤离资金','投资人撤资，公司减产','公司转型失败','公司转型失败，资金周转困难',5),(6,'2015-07-11 01:23:45','未通过',6,100,10,'市场发生剧烈变化','辞职','产品滞销','产品失去竞争力','老板自杀','老板破产，压力巨大','员工离职','员工讨薪无果，愤然离职',6),(7,'2015-08-11 01:23:45','已上报',7,1000,500,'中层人员与竞争公司勾结','裁员','公司转型失败','公司转型失败，资金周转困难','公司转型失败','产品失去竞争力','产品滞销','产品失去竞争力',7),(8,'2015-09-11 01:23:45','未通过',8,1000,400,'公司管理混乱','降薪','投资人撤离资金','投资人撤资，公司减产','老板跑路','员工讨薪无果，愤然离职','产品滞销','产品失去竞争力',8),(9,'2015-10-14 01:23:46','未通过',9,200,100,'环境差','裁员','公司转型失败','公司转型失败，资金周转困难','公司转型失败','产品失去竞争力','高管战略选择失误','市场占有率下降',9),(10,'2015-11-15 01:23:46','已上报',10,150,90,'投资人撤离资金','裁员','公司转型失败','公司转型失败，资金周转困难','公司转型失败','产品失去竞争力','竞争对手降价促销','产品销量骤减',10),(11,'2015-12-16 01:23:46','通过',11,100,30,'中层人员与竞争公司勾结','裁员','投资人撤离资金','投资人撤资，公司减产','公司资金周转困难','员工罢工','产品滞销','产品失去竞争力',11),(12,'2016-01-17 01:23:46','未通过',12,1000,100,'投资人撤离资金','辞职','公司转型失败','公司转型失败，资金周转困难','公司转型失败','产品失去竞争力','高管战略选择失误','市场占有率下降',12),(13,'2016-02-17 01:23:46','修改',13,500,180,'公司管理混乱','裁员','投资人撤离资金','投资人撤资，公司减产','公司资金周转困难','员工罢工','竞争对手降价促销','产品销量骤减',13),(14,'2016-03-17 01:23:46','未通过',14,200,130,'环境差','降薪','公司转型失败','公司转型失败，资金周转困难','公司转型失败','产品失去竞争力','产品滞销','产品失去竞争力',14),(15,'2016-04-17 01:23:46','已上报',15,800,200,'公司管理混乱','辞职','投资人撤离资金','投资人撤资，公司减产','公司资金周转困难','员工罢工','高管战略选择失误','市场占有率下降',15),(16,'2016-05-17 01:23:46','重申报',16,500,200,'中层人员与竞争公司勾结','裁员','公司转型失败','公司转型失败，资金周转困难','公司资金周转困难','员工罢工','竞争对手降价促销','产品销量骤减',16),(17,'2016-05-17 01:23:46','重申报',17,500,200,'中层人员与竞争公司勾结','裁员','公司转型失败','公司转型失败，资金周转困难','公司资金周转困难','员工罢工','竞争对手降价促销','产品销量骤减',1),(18,'2016-05-17 01:23:46','通过',18,500,200,'投资人撤离资金','裁员','公司转型失败','公司转型失败，资金周转困难','公司资金周转困难','员工罢工','竞争对手降价促销','产品销量骤减',2),(19,'2016-05-17 01:23:46','通过',19,500,200,'中层人员与竞争公司勾结','裁员','公司转型失败','公司转型失败，资金周转困难','公司资金周转困难','员工罢工','竞争对手降价促销','产品销量骤减',3),(20,'2016-05-17 01:23:46','通过',20,500,200,'中层人员与竞争公司勾结','裁员','公司转型失败','公司转型失败，资金周转困难','公司资金周转困难','员工罢工','竞争对手降价促销','产品销量骤减',4),(21,'2016-05-17 01:23:46','未通过',21,500,200,'中层人员与竞争公司勾结','裁员','公司转型失败','公司转型失败，资金周转困难','公司资金周转困难','员工罢工','竞争对手降价促销','产品销量骤减',15),(22,'2016-05-17 01:23:46','通过',22,500,200,'投资人撤离资金','裁员','公司转型失败','公司转型失败，资金周转困难','公司资金周转困难','员工罢工','竞争对手降价促销','产品销量骤减',15),(23,'2016-05-17 01:23:46','通过',23,500,200,'中层人员与竞争公司勾结','裁员','公司转型失败','公司转型失败，资金周转困难','公司资金周转困难','员工罢工','竞争对手降价促销','产品销量骤减',15),(24,'2016-05-17 01:23:46','通过',24,500,200,'中层人员与竞争公司勾结','裁员','公司转型失败','公司转型失败，资金周转困难','公司资金周转困难','员工罢工','竞争对手降价促销','产品销量骤减',15),(25,'2016-05-17 01:23:46','重申报',25,500,200,'中层人员与竞争公司勾结','裁员','公司转型失败','公司转型失败，资金周转困难','公司资金周转困难','员工罢工','竞争对手降价促销','产品销量骤减',9),(26,'2016-05-17 01:23:46','未通过',26,500,200,'投资人撤离资金','裁员','公司转型失败','公司转型失败，资金周转困难','公司资金周转困难','员工罢工','竞争对手降价促销','产品销量骤减',10),(27,'2016-05-17 01:23:46','重申报',27,500,200,'中层人员与竞争公司勾结','裁员','公司转型失败','公司转型失败，资金周转困难','公司资金周转困难','员工罢工','竞争对手降价促销','产品销量骤减',11),(28,'2016-05-17 01:23:46','通过',28,500,200,'投资人撤离资金','裁员','公司转型失败','公司转型失败，资金周转困难','公司资金周转困难','员工罢工','竞争对手降价促销','产品销量骤减',12),(29,'2016-05-17 01:23:46','重申报',29,500,200,'中层人员与竞争公司勾结','裁员','公司转型失败','公司转型失败，资金周转困难','公司资金周转困难','员工罢工','竞争对手降价促销','产品销量骤减',13),(30,'2016-05-17 01:23:46','通过',30,500,200,'投资人撤离资金','裁员','公司转型失败','公司转型失败，资金周转困难','公司资金周转困难','员工罢工','竞争对手降价促销','产品销量骤减',14),(31,'2016-05-17 01:23:46','重申报',31,500,200,'中层人员与竞争公司勾结','裁员','公司转型失败','公司转型失败，资金周转困难','公司资金周转困难','员工罢工','竞争对手降价促销','产品销量骤减',15),(32,'2016-05-17 01:23:46','重申报',32,500,200,'投资人撤离资金','裁员','公司转型失败','公司转型失败，资金周转困难','公司资金周转困难','员工罢工','竞争对手降价促销','产品销量骤减',16),(33,'2016-05-17 01:23:46','未通过',33,500,200,'中层人员与竞争公司勾结','裁员','公司转型失败','公司转型失败，资金周转困难','公司资金周转困难','员工罢工','竞争对手降价促销','产品销量骤减',1),(34,'2016-05-17 01:23:46','通过',34,500,200,'中层人员与竞争公司勾结','裁员','公司转型失败','公司转型失败，资金周转困难','公司资金周转困难','员工罢工','竞争对手降价促销','产品销量骤减',2),(35,'2016-05-17 01:23:46','重申报',35,500,200,'中层人员与竞争公司勾结','裁员','公司转型失败','公司转型失败，资金周转困难','公司资金周转困难','员工罢工','竞争对手降价促销','产品销量骤减',3),(36,'2016-05-17 01:23:46','重申报',36,500,200,'中层人员与竞争公司勾结','裁员','公司转型失败','公司转型失败，资金周转困难','公司资金周转困难','员工罢工','竞争对手降价促销','产品销量骤减',4),(37,'2016-05-17 01:23:46','通过',37,500,200,'投资人撤离资金','裁员','公司转型失败','公司转型失败，资金周转困难','公司资金周转困难','员工罢工','竞争对手降价促销','产品销量骤减',5),(38,'2016-05-17 01:23:46','重申报',38,500,200,'中层人员与竞争公司勾结','裁员','公司转型失败','公司转型失败，资金周转困难','公司资金周转困难','员工罢工','竞争对手降价促销','产品销量骤减',6),(39,'2016-05-17 01:23:46','重申报',39,500,200,'中层人员与竞争公司勾结','裁员','公司转型失败','公司转型失败，资金周转困难','公司资金周转困难','员工罢工','竞争对手降价促销','产品销量骤减',7),(40,'2016-05-17 01:23:46','通过',40,500,200,'投资人撤离资金','裁员','公司转型失败','公司转型失败，资金周转困难','公司资金周转困难','员工罢工','竞争对手降价促销','产品销量骤减',8),(41,'2016-05-17 01:23:46','重申报',41,500,200,'中层人员与竞争公司勾结','裁员','公司转型失败','公司转型失败，资金周转困难','公司资金周转困难','员工罢工','竞争对手降价促销','产品销量骤减',9),(42,'2016-05-17 01:23:46','通过',42,500,200,'投资人撤离资金','裁员','公司转型失败','公司转型失败，资金周转困难','公司资金周转困难','员工罢工','竞争对手降价促销','产品销量骤减',10),(43,'2016-05-17 01:23:46','重申报',43,500,200,'投资人撤离资金','裁员','公司转型失败','公司转型失败，资金周转困难','公司资金周转困难','员工罢工','竞争对手降价促销','产品销量骤减',11),(44,'2016-05-17 01:23:46','通过',44,500,200,'中层人员与竞争公司勾结','裁员','公司转型失败','公司转型失败，资金周转困难','公司资金周转困难','员工罢工','竞争对手降价促销','产品销量骤减',12),(45,'2016-05-17 01:23:46','未通过',45,500,200,'中层人员与竞争公司勾结','裁员','公司转型失败','公司转型失败，资金周转困难','公司资金周转困难','员工罢工','竞争对手降价促销','产品销量骤减',13),(46,'2016-05-17 01:23:46','重申报',46,500,200,'投资人撤离资金','裁员','公司转型失败','公司转型失败，资金周转困难','公司资金周转困难','员工罢工','竞争对手降价促销','产品销量骤减',15),(47,'2016-05-17 01:23:46','通过',47,500,200,'中层人员与竞争公司勾结','裁员','公司转型失败','公司转型失败，资金周转困难','公司资金周转困难','员工罢工','竞争对手降价促销','产品销量骤减',14),(48,'2016-05-17 01:23:46','未通过',48,500,200,'投资人撤离资金','裁员','公司转型失败','公司转型失败，资金周转困难','公司资金周转困难','员工罢工','竞争对手降价促销','产品销量骤减',16),(49,'2016-05-17 01:23:46','重申报',49,500,200,'中层人员与竞争公司勾结','裁员','公司转型失败','公司转型失败，资金周转困难','公司资金周转困难','员工罢工','竞争对手降价促销','产品销量骤减',1),(50,'2016-05-17 01:23:46','未通过',50,500,200,'投资人撤离资金','裁员','公司转型失败','公司转型失败，资金周转困难','公司资金周转困难','员工罢工','竞争对手降价促销','产品销量骤减',2),(51,'2016-05-17 01:23:46','重申报',51,500,200,'中层人员与竞争公司勾结','裁员','公司转型失败','公司转型失败，资金周转困难','公司资金周转困难','员工罢工','竞争对手降价促销','产品销量骤减',3),(52,'2016-05-17 01:23:46','未通过',52,500,200,'中层人员与竞争公司勾结','裁员','公司转型失败','公司转型失败，资金周转困难','公司资金周转困难','员工罢工','竞争对手降价促销','产品销量骤减',4),(53,'2016-05-17 01:23:46','重申报',53,500,200,'中层人员与竞争公司勾结','裁员','公司转型失败','公司转型失败，资金周转困难','公司资金周转困难','员工罢工','竞争对手降价促销','产品销量骤减',5);
/*!40000 ALTER TABLE `data` ENABLE KEYS */;
UNLOCK TABLES;

--
-- Table structure for table `inform`
--

DROP TABLE IF EXISTS `inform`;
/*!40101 SET @saved_cs_client     = @@character_set_client */;
/*!40101 SET character_set_client = utf8 */;
CREATE TABLE `inform` (
  `inform_id` int(11) NOT NULL AUTO_INCREMENT,
  `time` timestamp NOT NULL DEFAULT CURRENT_TIMESTAMP,
  `title` varchar(255) NOT NULL,
  `content` varchar(255) NOT NULL,
  PRIMARY KEY (`inform_id`)
) ENGINE=InnoDB AUTO_INCREMENT=21 DEFAULT CHARSET=utf8;
/*!40101 SET character_set_client = @saved_cs_client */;

--
-- Dumping data for table `inform`
--

LOCK TABLES `inform` WRITE;
/*!40000 ALTER TABLE `inform` DISABLE KEYS */;
INSERT INTO `inform` VALUES (1,'2016-01-11 01:23:45','失业人数创新低','在人民群众与政府的鼓励就业政策下，就业比例持续增高，失业率持续走低'),(2,'2016-01-11 01:45:45','政府鼓励创业','为了鼓励创业，政府推出来鼓励创业政策，鼓励人民群众积极参与'),(3,'2016-01-12 01:23:45','政府积极努力解决人民群众就业问题','在人民群众与政府的鼓励就业政策下，就业比例持续增高，失业率持续走低在人民群众与政府的鼓励就业政策下，就业比例持续增高，失业率持续走低'),(4,'2016-01-13 01:23:45','失业人数再创新低','在人民群众与政府的鼓励就业政策下，就业比例持续增高，失业率持续走低'),(5,'2016-01-13 01:23:00','政府积极鼓励创业','为了鼓励创业，政府推出来鼓励创业政策，鼓励人民群众积极参与'),(6,'2016-01-13 01:23:45','政府鼓励创业','为了鼓励创业，政府推出来鼓励创业政策，鼓励人民群众积极参与'),(7,'2016-01-14 01:23:45','失业人数再创新低','在人民群众与政府的鼓励就业政策下，就业比例持续增高，失业率持续走低'),(8,'2016-01-14 02:23:00','政府鼓励创业','为了鼓励创业，政府推出来鼓励创业政策，鼓励人民群众积极参与'),(9,'2016-01-14 02:23:11','政府鼓励创业','在人民群众与政府的鼓励就业政策下，就业比例持续增高，失业率持续走低'),(10,'2016-01-14 02:23:22','政府鼓励创业','在人民群众与政府的鼓励就业政策下，就业比例持续增高，失业率持续走低'),(11,'2016-01-14 02:23:33','失业人数再创新低','在人民群众与政府的鼓励就业政策下，就业比例持续增高，失业率持续走低'),(12,'2016-01-14 02:23:44','政府鼓励创业','为了鼓励创业，政府推出来鼓励创业政策，鼓励人民群众积极参与'),(13,'2016-01-14 02:34:00','政府鼓励创业','为了鼓励创业，政府推出来鼓励创业政策，鼓励人民群众积极参与'),(14,'2016-01-14 02:45:00','政府积极努力解决人民群众就业问题','在人民群众与政府的鼓励就业政策下，就业比例持续增高，失业率持续走低'),(15,'2016-01-17 02:23:00','失业人数再创新低','在人民群众与政府的鼓励就业政策下，就业比例持续增高，失业率持续走低'),(16,'2016-01-18 02:23:00','失业人数再创新低','在人民群众与政府的鼓励就业政策下，就业比例持续增高，失业率持续走低'),(17,'2016-01-19 02:23:00','失业人数再创新低','在人民群众与政府的鼓励就业政策下，就业比例持续增高，失业率持续走低'),(18,'2016-01-20 02:23:00','失业人数再创新低','在人民群众与政府的鼓励就业政策下，就业比例持续增高，失业率持续走低'),(19,'2016-01-21 02:23:00','政府积极努力解决人民群众就业问题','在人民群众与政府的鼓励就业政策下，就业比例持续增高，失业率持续走低'),(20,'2016-01-22 02:23:00','失业人数再创新低','在人民群众与政府的鼓励就业政策下，就业比例持续增高，失业率持续走低');
/*!40000 ALTER TABLE `inform` ENABLE KEYS */;
UNLOCK TABLES;

--
-- Table structure for table `province`
--

DROP TABLE IF EXISTS `province`;
/*!40101 SET @saved_cs_client     = @@character_set_client */;
/*!40101 SET character_set_client = utf8 */;
CREATE TABLE `province` (
  `province_id` int(11) NOT NULL AUTO_INCREMENT,
  `account` varchar(255) NOT NULL,
  `password` varchar(255) NOT NULL,
  `city` varchar(255) DEFAULT NULL,
  PRIMARY KEY (`province_id`)
) ENGINE=InnoDB AUTO_INCREMENT=22 DEFAULT CHARSET=utf8;
/*!40101 SET character_set_client = @saved_cs_client */;

--
-- Dumping data for table `province`
--

LOCK TABLES `province` WRITE;
/*!40000 ALTER TABLE `province` DISABLE KEYS */;
INSERT INTO `province` VALUES (1,'22201','123','0531'),(2,'22202','456','0532'),(3,'22203','789','0533'),(4,'22204','qwe','0534'),(5,'22205','weg33e','0535'),(6,'22206','gdfbfdb','0536'),(7,'22207','fdbb','0537'),(8,'22208','wefew','0538'),(9,'22209','wefwg','0539'),(10,'22210','fdbfbgf','0530'),(11,'22211','ymyumu','0543'),(12,'22212','3r43t43','0543'),(13,'22213','sdvxcv','0631'),(14,'22214','sdferger','0632'),(15,'22215','ebr3b','0633'),(16,'22216','ewgb3rg','0634'),(17,'22217','23r2gf','0635'),(18,'22218','ewgrwg2','0531'),(19,'22219','eg24g','0532'),(20,'22220','g34g','0533'),(21,'22221','wqeqwrwqr',NULL);
/*!40000 ALTER TABLE `province` ENABLE KEYS */;
UNLOCK TABLES;

--
-- Table structure for table `schedule`
--

DROP TABLE IF EXISTS `schedule`;
/*!40101 SET @saved_cs_client     = @@character_set_client */;
/*!40101 SET character_set_client = utf8 */;
CREATE TABLE `schedule` (
  `schedule_id` int(11) NOT NULL AUTO_INCREMENT,
  `year` int(11) NOT NULL,
  `month` int(11) NOT NULL,
  `start` timestamp NULL DEFAULT NULL,
  `end` timestamp NULL DEFAULT NULL,
  `is_report` int(255) NOT NULL DEFAULT '0',
  PRIMARY KEY (`schedule_id`)
) ENGINE=InnoDB AUTO_INCREMENT=17 DEFAULT CHARSET=utf8;
/*!40101 SET character_set_client = @saved_cs_client */;

--
-- Dumping data for table `schedule`
--

LOCK TABLES `schedule` WRITE;
/*!40000 ALTER TABLE `schedule` DISABLE KEYS */;
INSERT INTO `schedule` VALUES (1,2015,1,'2015-02-11 01:23:45','2015-02-21 01:23:45',1),(2,2015,2,'2015-03-11 01:23:45','2015-03-21 01:23:45',0),(3,2015,3,'2015-04-11 01:23:45','2015-04-21 01:23:45',1),(4,2015,4,'2015-05-11 01:23:45','2015-05-21 01:23:45',0),(5,2015,5,'2015-06-11 01:23:45','2015-06-21 01:23:45',1),(6,2015,6,'2015-07-11 01:23:45','2015-07-21 01:23:45',0),(7,2015,7,'2015-08-11 01:23:45','2015-08-21 01:23:45',1),(8,2015,8,'2015-09-11 01:23:45','2015-09-21 01:23:45',1),(9,2015,9,'2015-10-14 01:23:46','2015-10-24 01:23:46',0),(10,2015,10,'2015-11-15 01:23:46','2015-11-25 01:23:46',1),(11,2015,11,'2015-12-16 01:23:46','2015-12-26 01:23:46',0),(12,2015,12,'2016-01-17 01:23:46','2016-01-27 01:23:46',1),(13,2016,1,'2016-02-17 01:23:46','2016-02-27 01:23:46',1),(14,2016,2,'2016-03-17 01:23:46','2016-03-27 01:23:46',0),(15,2016,3,'2016-04-01 01:23:46','2016-04-27 01:23:46',1),(16,2016,4,'2016-05-17 01:23:46','2016-05-27 01:23:46',0);
/*!40000 ALTER TABLE `schedule` ENABLE KEYS */;
UNLOCK TABLES;
/*!40103 SET TIME_ZONE=@OLD_TIME_ZONE */;

/*!40101 SET SQL_MODE=@OLD_SQL_MODE */;
/*!40014 SET FOREIGN_KEY_CHECKS=@OLD_FOREIGN_KEY_CHECKS */;
/*!40014 SET UNIQUE_CHECKS=@OLD_UNIQUE_CHECKS */;
/*!40101 SET CHARACTER_SET_CLIENT=@OLD_CHARACTER_SET_CLIENT */;
/*!40101 SET CHARACTER_SET_RESULTS=@OLD_CHARACTER_SET_RESULTS */;
/*!40101 SET COLLATION_CONNECTION=@OLD_COLLATION_CONNECTION */;
/*!40111 SET SQL_NOTES=@OLD_SQL_NOTES */;

-- Dump completed on 2016-04-08 15:21:59
